id,name,address,town,street,country,job
0,eerooxu,heyvmc,pxewresy,ixshzsdy,ogsrw,zutggtb
1,gzgis,onrup,tmqnnw,kvcvgb,suaxfo,rxbja
2,hdfuo,yxkliu,wypcji,viapy,gahrutnyo,asjcw
3,uikfx,fqwmfxe,pktbbb,jjnpdl,mkfdkyi,rjiujjni
4,fopcjzri,midfqc,hmonwzse,djwcn,ggnlhg,lcqpfiay
5,izuxw,ukgirj,nedgs,ovemoew,faddjm,getebtaem
6,kfrpmxhuo,crxclcb,bscfxoe,gqyodoo,kpnfqe,ltqjet
7,hqqwgcy,qbwqat,zkfunce,qzilvk,kxvau,ropfxyd
8,hfwev,hyfhc,avnuwnd,wnpgyqc,kyjvdwl,hcxmslh
9,dntce,vkrtvuj,vsvmtyt,jeaygia,agmqck,gclspe
10,pttxfged,cvpvatn,oyfbrk,skqucm,jwieo,sepfh
11,rbmwjbj,pzuiv,exfqrtz,xomqgd,ggcplqac,vnkcxx
12,vrblzzbn,bpiqm,ubarepex,dehrszy,jfccplf,tdghdpw
13,rjvwo,axquz,jcomft,wzqmyys,bwodjs,nbyffhs
14,gcwgkw,ysvyuro,bmymjzz,qnqegajwv,skbdcl,dobowwzn
15,bpofkf,puoibx,wflnyft,pjkkjiug,fjums,icqawh
16,fydffw,jpqnwjd,cpgcxz,dewemh,obwklt,nbpteg
17,fsbgukmj,zitwtg,vekiez,enhxn,lmdrhe,fyzqsc
18,uxffmc,xspizld,mnwjezki,cycbfemg,xvneds,vasais
19,njddbdl,fgghnhz,xwsbpnwdb,lqweft,hypgdks,tacios
20,njddbdl,fgghnhz,xwsbpnwdb,lqweft,hypgdks,tacios
